{
  "district_load_kwh": 23371908.574,
  "district_pv_kwh": 19318860.0,
  "district_autoconsumption": 0.7653906444541483,
  "district_autonomy": 0.6326601295184181,
  "storage_capacity_kwh_for_100pct_autoconsumption": 4052612.460293333
}